file	code	lang	family	country
aai-aai.txt	aai	Miniafia Oyan	Austronesian	Papua New Guinea
aak-aak.txt	aak	Ankave	Trans-New Guinea	Papua New Guinea
aau-aau.txt	aau	Abau	Sepik	Papua New Guinea
aaz-aaz.txt	aaz	Amarasi	Austronesian	Indonesia
abt-abt-maprik.txt	abt	Ambulas	Sepik	Papua New Guinea
abt-abt-wosera.txt	abt	Ambulas	Sepik	Papua New Guinea
abx-abx.txt	abx	Inabaknon	Austronesian	Philippines
aby-aby.txt	aby	Aneme Wake	Trans-New Guinea	Papua New Guinea
acf-acfNT.txt	acf	Lesser Antillean French Creole	Creole	Saint Lucia
acr-acr-acc.txt	acr	Achi	Mayan	Guatemala
acr-acrNNT.txt	acr	Achi	Mayan	Guatemala
acr-acrTNT.txt	acr	Achi	Mayan	Guatemala
acu-acuNT.txt	acu	Achuar-Shiwiar	Jivaroan	Ecuador
adz-adz.txt	adz	Adzera	Austronesian	Papua New Guinea
aer-aer.txt	aer	Arrernte, Eastern	Australian	Australia
aey-aey.txt	aey	Amele	Trans-New Guinea	Papua New Guinea
agd-agd.txt	agd	Agarabi	Trans-New Guinea	Papua New Guinea
agg-agg.txt	agg	Angor	Senagi	Papua New Guinea
agm-agm.txt	agm	Angaataha	Trans-New Guinea	Papua New Guinea
agn-agn.txt	agn	Agutaynen	Austronesian	Philippines
agr-agr.txt	agr	Awajún	Jivaroan	Peru
agt-agt.txt	agt	Agta, Central Cagayan	Austronesian	Philippines
agu-aguBl.txt	agu	Awakateko	Mayan	Guatemala
aia-aia.txt	aia	Arosi	Austronesian	Solomon Islands
aii-aii.txt	aii	Assyrian Neo-Aramaic	Afro-Asiatic	Iraq
aka-aka.txt	aka	Akan	Niger-Congo	Ghana
ake-akeNT.txt	ake	Akawaio	Cariban	Guyana
alp-alpNT.txt	alp	Alune	Austronesian	Indonesia
alq-alqALGNT.txt	alq	Algonquin	Algic	Canada
als-alsSHQ.txt	als	Albanian, Tosk	Indo-European	Albania
aly-aly.txt	aly	Alyawarr	Australian	Australia
ame-ameNT.txt	ame	Yanesha’	Maipurean	Peru
amf-amf.txt	amf	Hamer-Banna	Afro-Asiatic	Ethiopia
amk-amk.txt	amk	Ambai	Austronesian	Indonesia
amm-amm.txt	amm	Sawiyanu	Arai (Left May)	Papua New Guinea
amn-amn-amanab.txt	amn	Amanab	Border	Papua New Guinea
amn-amn-n.txt	amn	Amanab	Border	Papua New Guinea
amo-amo.txt	amo	Amo	Niger-Congo	Nigeria
amp-amp.txt	amp	Alamblak	Sepik	Papua New Guinea
amr-amrNT.txt	amr	Amarakaeri	Harákmbut	Peru
amu-amuNT.txt	amu	Amuzgo, Guerrero	Otomanguean	Mexico
amx-amx.txt	amx	Anmatyerre	Australian	Australia
anh-anh.txt	anh	Nend	Trans-New Guinea	Papua New Guinea
anv-anvNT.txt	anv	Denya	Niger-Congo	Cameroon
aoi-aoi.txt	aoi	Anindilyakwa	Australian	Australia
aoj-aoj-filifita.txt	aoj	Mufian	Torricelli	Papua New Guinea
aoj-aoj.txt	aoj	Mufian	Torricelli	Papua New Guinea
aom-aom.txt	aom	Ömie	Trans-New Guinea	Papua New Guinea
aon-aon.txt	aon	Weri	Torricelli	Papua New Guinea
apb-apb.txt	apb	Sa’a	Austronesian	Solomon Islands
ape-apeB.txt	ape	Bukiyip	Torricelli	Papua New Guinea
ape-apec.txt	ape	Bukiyip	Torricelli	Papua New Guinea
apn-apnNT.txt	apn	Apinayé	Jean	Brazil
apr-apr.txt	apr	Arop-Lokep	Austronesian	Papua New Guinea
apu-apuNT.txt	apu	Apurinã	Maipurean	Brazil
apw-apwNT.txt	apw	Apache, Western	Eyak-Athabaskan	United States
apz-apz.txt	apz	Safeyoka	Trans-New Guinea	Papua New Guinea
arb-arb-vd.txt	arb	Arabic, Standard	Afro-Asiatic	Saudi Arabia
arb-arbnav.txt	arb	Arabic, Standard	Afro-Asiatic	Saudi Arabia
are-are.txt	are	Arrarnta, Western	Australian	Australia
arl-arlNT.txt	arl	Arabela	Zaparoan	Peru
arn-arnNT.txt	arn	Mapudungun	Mapudungu	Chile
arp-arp.txt	arp	Arapaho	Algic	United States
asm-asmfb.txt	asm	Assamese	Indo-European	India
aso-aso.txt	aso	Dano	Trans-New Guinea	Papua New Guinea
ata-ata.txt	ata	Pele-Ata	Yele-West New Britain	Papua New Guinea
atb-atbNT.txt	atb	Zaiwa	Sino-Tibetan	China
atd-atdNT.txt	atd	Manobo, Ata	Austronesian	Philippines
atg-atgNT.txt	atg	Ivbie North-Okpela-Arhe	Niger-Congo	Nigeria
att-att.txt	att	Atta, Pamplona	Austronesian	Philippines
auc-aucNT.txt	auc	Waorani	Language isolate	Ecuador
aui-aui.txt	aui	Anuki	Austronesian	Papua New Guinea
auy-auy.txt	auy	Awiyaana	Trans-New Guinea	Papua New Guinea
avt-avt.txt	avt	Au	Torricelli	Papua New Guinea
awb-awb.txt	awb	Awa	Trans-New Guinea	Papua New Guinea
awk-awk.txt	awk	Awabakal	Australian	Australia
awx-awx.txt	awx	Awara	Trans-New Guinea	Papua New Guinea
azb-azb.txt	azb	Azerbaijani, South	Turkic	Iran, Islamic Republic of
azg-azgNT.txt	azg	Amuzgo, San Pedro Amuzgos	Otomanguean	Mexico
azz-azzNT.txt	azz	Nahuatl, Highland Puebla	Uto-Aztecan	Mexico
bao-baoNT.txt	bao	Waimaha	Tucanoan	Colombia
bba-bba.txt	bba	Baatonum	Niger-Congo	Benin
bbb-bbb.txt	bbb	Barai	Trans-New Guinea	Papua New Guinea
bbr-bbr.txt	bbr	Girawa	Trans-New Guinea	Papua New Guinea
bch-bch.txt	bch	Bariai	Austronesian	Papua New Guinea
bco-bco.txt	bco	Kaluli	Trans-New Guinea	Papua New Guinea
bdd-bdd.txt	bdd	Bunama	Austronesian	Papua New Guinea
bea-bea.txt	bea	Beaver	Eyak-Athabaskan	Canada
bef-bef.txt	bef	Benabena	Trans-New Guinea	Papua New Guinea
bel-bel.txt	bel	Belarusian	Indo-European	Belarus
bel-beln.txt	bel	Belarusian	Indo-European	Belarus
ben-ben2017.txt	ben	Bengali	Indo-European	Bangladesh
beo-beo.txt	beo	Bedamuni	Trans-New Guinea	Papua New Guinea
beu-beu.txt	beu	Blagar	Trans-New Guinea	Indonesia
bgs-bgs.txt	bgs	Tagabawa	Austronesian	Philippines
bgt-bgt.txt	bgt	Bughotu	Austronesian	Solomon Islands
bhg-bhg.txt	bhg	Binandere	Trans-New Guinea	Papua New Guinea
bhl-bhl.txt	bhl	Bimin	Trans-New Guinea	Papua New Guinea
big-big.txt	big	Biangai	Trans-New Guinea	Papua New Guinea
bjk-bjk.txt	bjk	Barok	Austronesian	Papua New Guinea
bjp-bjp.txt	bjp	Fanamaket	Austronesian	Papua New Guinea
bjr-bjr.txt	bjr	Binumarien	Trans-New Guinea	Papua New Guinea
bjv-bjvNT.txt	bjv	Bedjond	Nilo-Saharan	Chad
bjz-bjz.txt	bjz	Baruga	Trans-New Guinea	Papua New Guinea
bkd-bkd.txt	bkd	Binukid	Austronesian	Philippines
bki-bki.txt	bki	Baki	Austronesian	Vanuatu
bkq-bkqNT.txt	bkq	Bakairí	Cariban	Brazil
bkx-bkx.txt	bkx	Baikeno	Austronesian	Timor-Leste
bla-bla.txt	bla	Blackfoot	Algic	Canada
blw-blw.txt	blw	Balangao	Austronesian	Philippines
blz-blzNT.txt	blz	Balantak	Austronesian	Indonesia
bmh-bmh.txt	bmh	Kein	Trans-New Guinea	Papua New Guinea
bmk-bmk.txt	bmk	Ghayavi	Austronesian	Papua New Guinea
bmr-bmrNT.txt	bmr	Muinane	Witotoan	Colombia
bmu-bmu.txt	bmu	Somba-Siawari	Trans-New Guinea	Papua New Guinea
bnp-bnp.txt	bnp	Bola	Austronesian	Papua New Guinea
boa-boaNT.txt	boa	Bora	Witotoan	Peru
boj-boj.txt	boj	Anjam	Trans-New Guinea	Papua New Guinea
boj-boj2014.txt	boj	Anjam	Trans-New Guinea	Papua New Guinea
bon-bon.txt	bon	Bine	Eastern Trans-Fly	Papua New Guinea
box-boxNT.txt	box	Buamu	Niger-Congo	Burkina Faso
bpr-bpr.txt	bpr	Blaan, Koronadal	Austronesian	Philippines
bps-bps.txt	bps	Blaan, Sarangani	Austronesian	Philippines
bqc-bqcsim.txt	bqc	Boko	Niger-Congo	Benin
bqp-bqp.txt	bqp	Bisã	Niger-Congo	Nigeria
bre-breBRG.txt	bre	Breton	Indo-European	France
bsj-bsj.txt	bsj	Bangwinji	Niger-Congo	Nigeria
bsn-bsnNT.txt	bsn	Barasana-Eduria	Tucanoan	Colombia
bsp-bsp.txt	bsp	Baga Sitemu	Niger-Congo	Guinea
bss-bssNT.txt	bss	Akoose	Niger-Congo	Cameroon
buk-buk.txt	buk	Bugawac	Austronesian	Papua New Guinea
bus-bus.txt	bus	Bokobaru	Niger-Congo	Nigeria
bvd-bvd.txt	bvd	Baeggu	Austronesian	Solomon Islands
bvr-bvr.txt	bvr	Burarra	Australian	Australia
bxh-bxh.txt	bxh	Buhutu	Austronesian	Papua New Guinea
byr-byr-w.txt	byr	Yipma	Trans-New Guinea	Papua New Guinea
byr-byr.txt	byr	Yipma	Trans-New Guinea	Papua New Guinea
byx-byx.txt	byx	Qaqet	East New Britain	Papua New Guinea
bzd-bzdNTpo.txt	bzd	Bribri	Chibchan	Costa Rica
bzh-bzh.txt	bzh	Buang, Mapos	Austronesian	Papua New Guinea
bzj-bzj.txt	bzj	Belize English Creole	Creole	Belize
caa-caa.txt	caa	Ch’orti’	Mayan	Guatemala
cab-cabNT.txt	cab	Garifuna	Maipurean	Honduras
cac-cac.txt	cac	Chuj	Mayan	Guatemala
caf-cafNT.txt	caf	Carrier, Southern	Eyak-Athabaskan	Canada
cak-cak.txt	cak	Kaqchikel	Mayan	Guatemala
cak-cakCNT.txt	cak	Kaqchikel	Mayan	Guatemala
cak-cakENT.txt	cak	Kaqchikel	Mayan	Guatemala
cak-cakNT.txt	cak	Kaqchikel	Mayan	Guatemala
cak-cakSNT.txt	cak	Kaqchikel	Mayan	Guatemala
cak-cakWNT.txt	cak	Kaqchikel	Mayan	Guatemala
cak-cakYNT.txt	cak	Kaqchikel	Mayan	Guatemala
cao-caoNT.txt	cao	Chácobo	Panoan	Bolivia, Plurinational State of
cap-capNT.txt	cap	Chipaya	Chipaya-Uru	Bolivia, Plurinational State of
car-carNT.txt	car	Carib	Cariban	Venezuela, Bolivarian Republic of
cav-cavNT.txt	cav	Cavineña	Tacanan	Bolivia, Plurinational State of
cax-caxNT.txt	cax	Chiquitano	Language isolate	Bolivia, Plurinational State of
cbc-cbcNT.txt	cbc	Carapana	Tucanoan	Colombia
cbi-cbiNTpo.txt	cbi	Chachi	Barbacoan	Ecuador
cbk-cbk.txt	cbk	Chavacano	Creole	Philippines
cbr-cbrNT.txt	cbr	Kakataibo-Kashibo	Panoan	Peru
cbs-cbsNT.txt	cbs	Kashinawa	Panoan	Peru
cbt-cbtNTpo.txt	cbt	Shawi	Cahuapanan	Peru
cbu-cbuNT.txt	cbu	Kandozi-Chapra	Language isolate	Peru
cbv-cbv.txt	cbv	Cacua	Puinavean	Colombia
cco-ccoNT.txt	cco	Chinantec, Comaltepec	Otomanguean	Mexico
ceb-cebulb.txt	ceb	Cebuano	Austronesian	Philippines
cek-cekak.txt	cek	Chin, Eastern Khumi	Sino-Tibetan	Myanmar
ces-ces1613.txt	ces	Czech	Indo-European	Czechia
ces-cesnkb.txt	ces	Czech	Indo-European	Czechia
cgc-cgc.txt	cgc	Kagayanen	Austronesian	Philippines
cha-cha.txt	cha	Chamorro	Austronesian	Guam
chd-chdNT.txt	chd	Chontal, Highland Oaxaca	Tequistlatecan	Mexico
chf-chfNT.txt	chf	Chontal, Tabasco	Mayan	Mexico
chk-chk.txt	chk	Chuukese	Austronesian	Micronesia, Federated States of
chq-chqNT.txt	chq	Chinantec, Quiotepec	Otomanguean	Mexico
chz-chzNTps.txt	chz	Chinantec, Ozumacín	Otomanguean	Mexico
cjo-cjoNT.txt	cjo	Ashéninka, Pajonal	Maipurean	Peru
cjv-cjv.txt	cjv	Chuave	Trans-New Guinea	Papua New Guinea
ckb-ckb.txt	ckb	Kurdish, Central	Indo-European	Iraq
cle-cleNT.txt	cle	Chinantec, Lealao	Otomanguean	Mexico
clu-clu.txt	clu	Caluyanun	Austronesian	Philippines
cme-cmeNT.txt	cme	Cerma	Niger-Congo	Burkina Faso
cmn-cmn-cu89s.txt	cmn	Chinese, Mandarin	Sino-Tibetan	China
cmn-cmn-cu89t.txt	cmn	Chinese, Mandarin	Sino-Tibetan	China
cmn-cmnfeb.txt	cmn	Chinese, Mandarin	Sino-Tibetan	China
cni-cniNT.txt	cni	Asháninka	Maipurean	Peru
cnl-cnlNT.txt	cnl	Chinantec, Lalana	Otomanguean	Mexico
cnt-cntNT.txt	cnt	Chinantec, Tepetotutla	Otomanguean	Mexico
cof-cofNT.txt	cof	Tsafiki	Barbacoan	Ecuador
con-conNTpo.txt	con	Cofán	Language isolate	Ecuador
cop-copbhc.txt	cop	Coptic	Afro-Asiatic	Egypt
cop-copcnt.txt	cop	Coptic	Afro-Asiatic	Egypt
cot-cotNT.txt	cot	Caquinte	Maipurean	Peru
cpa-cpaNT.txt	cpa	Chinantec, Palantla	Otomanguean	Mexico
cpb-cpbNT.txt	cpb	Ashéninka, Ucayali-Yurúa	Maipurean	Peru
cpc-cpcNT.txt	cpc	Ajyíninka Apurucayali	Maipurean	Peru
cpu-cpuNT.txt	cpu	Ashéninka, Pichis	Maipurean	Peru
cpy-cpy.txt	cpy	Ashéninka, South Ucayali	Maipurean	Peru
crn-crnNT.txt	crn	Cora, El Nayar	Uto-Aztecan	Mexico
crx-crxNTpo.txt	crx	Carrier	Eyak-Athabaskan	Canada
cso-csoNT.txt	cso	Chinantec, Sochiapam	Otomanguean	Mexico
csy-csy.txt	csy	Chin, Siyin	Sino-Tibetan	Myanmar
cta-ctaNT.txt	cta	Chatino, Tataltepec	Otomanguean	Mexico
cth-cth.txt	cth	Chin, Thaiphum	Sino-Tibetan	Myanmar
ctp-ctpNT.txt	ctp	Chatino, Western Highland	Otomanguean	Mexico
ctu-ctu76.txt	ctu	Chol	Mayan	Mexico
ctu-ctuBl.txt	ctu	Chol	Mayan	Mexico
ctu-ctucti.txt	ctu	Chol	Mayan	Mexico
cub-cubNT.txt	cub	Cubeo	Tucanoan	Colombia
cuc-cucNT.txt	cuc	Chinantec, Usila	Otomanguean	Mexico
cui-cui.txt	cui	Cuiba	Guajiboan	Colombia
cuk-cuk.txt	cuk	Kuna, San Blas	Chibchan	Panama
cuk-cuk09.txt	cuk	Kuna, San Blas	Chibchan	Panama
cut-cutNT.txt	cut	Cuicatec, Teutila	Otomanguean	Mexico
cux-cuxNT.txt	cux	Cuicatec, Tepeuxila	Otomanguean	Mexico
cwe-cwe.txt	cwe	Kwere	Niger-Congo	Tanzania, United Republic of
cya-cya.txt	cya	Chatino, Nopala	Otomanguean	Mexico
daa-daaNT.txt	daa	Dangaléat	Afro-Asiatic	Chad
dad-dad.txt	dad	Marik	Austronesian	Papua New Guinea
dah-dah.txt	dah	Gwahatike	Trans-New Guinea	Papua New Guinea
dan-dan1931.txt	dan	Danish	Indo-European	Denmark
ded-ded.txt	ded	Dedua	Trans-New Guinea	Papua New Guinea
deu-deu1912.txt	deu	German, Standard	Indo-European	Germany
deu-deu1951.txt	deu	German, Standard	Indo-European	Germany
deu-deuelo.txt	deu	German, Standard	Indo-European	Germany
deu-deutkw.txt	deu	German, Standard	Indo-European	Germany
dgc-dgc.txt	dgc	Agta, Casiguran Dumagat	Austronesian	Philippines
dgr-dgrDOGNT.txt	dgr	Tlicho	Eyak-Athabaskan	Canada
dgz-dgz.txt	dgz	Daga	Trans-New Guinea	Papua New Guinea
dhg-dhg.txt	dhg	Dhangu-Djangu	Australian	Australia
dhg-dhgduwadha.txt	dhg	Dhangu-Djangu	Australian	Australia
dif-dif.txt	dif	Diyari	Australian	Australia
dik-dikNT.txt	dik	Dinka, Southwestern	Nilo-Saharan	South Sudan
dji-dji.txt	dji	Djinang	Australian	Australia
djk-djkNT.txt	djk	Aukan	Creole	Suriname
djr-djr.txt	djr	Djambarrpuyngu	Australian	Australia
dob-dob.txt	dob	Dobu	Austronesian	Papua New Guinea
dop-dop.txt	dop	Lukpa	Niger-Congo	Benin
dov-dov.txt	dov	Dombe	Niger-Congo	Zimbabwe
dwr-dwrENT.txt	dwr	Dawro	Afro-Asiatic	Ethiopia
dwr-dwrNT.txt	dwr	Dawro	Afro-Asiatic	Ethiopia
dww-dww.txt	dww	Dawawa	Austronesian	Papua New Guinea
dwy-dwy.txt	dwy	Dhuwaya	Australian	Australia
ebk-ebk.txt	ebk	Bontok, Eastern	Austronesian	Philippines
eko-eko.txt	eko	Koti	Niger-Congo	Mozambique
emi-emi.txt	emi	Mussau-Emira	Austronesian	Papua New Guinea
emp-empNTpo.txt	emp	Emberá, Northern	Chocoan	Panama
eng-eng-asv.txt	eng	English	Indo-European	United Kingdom
eng-eng-Brenton.txt	eng	English	Indo-European	United Kingdom
eng-eng-glw.txt	eng	English	Indo-European	United Kingdom
eng-eng-kjv.txt	eng	English	Indo-European	United Kingdom
eng-eng-kjv2006.txt	eng	English	Indo-European	United Kingdom
eng-eng-lxx2012.txt	eng	English	Indo-European	United Kingdom
eng-eng-rv.txt	eng	English	Indo-European	United Kingdom
eng-eng-t4t.txt	eng	English	Indo-European	United Kingdom
eng-eng-uk-lxx2012.txt	eng	English	Indo-European	United Kingdom
eng-eng-web-c.txt	eng	English	Indo-European	United Kingdom
eng-eng-web.txt	eng	English	Indo-European	United Kingdom
eng-eng-webbe.txt	eng	English	Indo-European	United Kingdom
eng-engaoi.txt	eng	English	Indo-European	United Kingdom
eng-engasvbt.txt	eng	English	Indo-European	United Kingdom
eng-engBBE.txt	eng	English	Indo-European	United Kingdom
eng-engDBY.txt	eng	English	Indo-European	United Kingdom
eng-engDRA.txt	eng	English	Indo-European	United Kingdom
eng-engemtv.txt	eng	English	Indo-European	United Kingdom
eng-engf35.txt	eng	English	Indo-European	United Kingdom
eng-engfbv.txt	eng	English	Indo-European	United Kingdom
eng-enggnv.txt	eng	English	Indo-European	United Kingdom
eng-engjps.txt	eng	English	Indo-European	United Kingdom
eng-engkjvcpb.txt	eng	English	Indo-European	United Kingdom
eng-englee.txt	eng	English	Indo-European	United Kingdom
eng-englsv.txt	eng	English	Indo-European	United Kingdom
eng-englxxup.txt	eng	English	Indo-European	United Kingdom
eng-engnna.txt	eng	English	Indo-European	United Kingdom
eng-engnoy.txt	eng	English	Indo-European	United Kingdom
eng-engoebcw.txt	eng	English	Indo-European	United Kingdom
eng-engoebus.txt	eng	English	Indo-European	United Kingdom
eng-engoke.txt	eng	English	Indo-European	United Kingdom
eng-engourb.txt	eng	English	Indo-European	United Kingdom
eng-engPEV.txt	eng	English	Indo-European	United Kingdom
eng-engtcent.txt	eng	English	Indo-European	United Kingdom
eng-engtnt.txt	eng	English	Indo-European	United Kingdom
eng-engULB.txt	eng	English	Indo-European	United Kingdom
eng-engwebp.txt	eng	English	Indo-European	United Kingdom
eng-engwebpb.txt	eng	English	Indo-European	United Kingdom
eng-engwebster.txt	eng	English	Indo-European	United Kingdom
eng-engwmb.txt	eng	English	Indo-European	United Kingdom
eng-engwmbb.txt	eng	English	Indo-European	United Kingdom
eng-engwyc2017.txt	eng	English	Indo-European	United Kingdom
eng-engwyc2018.txt	eng	English	Indo-European	United Kingdom
eng-engWycliffe.txt	eng	English	Indo-European	United Kingdom
eng-engylt.txt	eng	English	Indo-European	United Kingdom
enq-enq.txt	enq	Enga	Trans-New Guinea	Papua New Guinea
enq-enq2.txt	enq	Enga	Trans-New Guinea	Papua New Guinea
epo-epo.txt	epo	Esperanto	Constructed language	Poland
eri-eri.txt	eri	Ogea	Trans-New Guinea	Papua New Guinea
ese-eseNT.txt	ese	Ese Ejja	Tacanan	Bolivia, Plurinational State of
esk-eskNT.txt	esk	Inupiatun, Northwest Alaska	Eskimo-Aleut	United States
etr-etr.txt	etr	Edolo	Trans-New Guinea	Papua New Guinea
ewe-ewe.txt	ewe	Éwé	Niger-Congo	Ghana
faa-faa.txt	faa	Fasu	Trans-New Guinea	Papua New Guinea
fai-fai.txt	fai	Faiwol	Trans-New Guinea	Papua New Guinea
far-far.txt	far	Fataleka	Austronesian	Solomon Islands
ffm-ffm.txt	ffm	Fulfulde, Maasina	Niger-Congo	Mali
for-for.txt	for	Fore	Trans-New Guinea	Papua New Guinea
fra-fraLSG.txt	fra	French	Indo-European	France
fra-francl.txt	fra	French	Indo-European	France
fra-frasbl.txt	fra	French	Indo-European	France
fra-fra_fob.txt	fra	French	Indo-European	France
fue-fue.txt	fue	Fulfulde, Borgu	Niger-Congo	Benin
fuf-fuf.txt	fuf	Pular	Niger-Congo	Guinea
fuh-fuhbkf.txt	fuh	Fulfulde, Western Niger	Niger-Congo	Niger
gah-gah.txt	gah	Alekano	Trans-New Guinea	Papua New Guinea
gai-gai.txt	gai	Mbore	Ramu-Lower Sepik	Papua New Guinea
gam-gam.txt	gam	Kandawo	Trans-New Guinea	Papua New Guinea
gaw-gaw.txt	gaw	Nobonob	Trans-New Guinea	Papua New Guinea
gdn-gdn.txt	gdn	Umanakaina	Trans-New Guinea	Papua New Guinea
gdr-gdr.txt	gdr	Wipi	Eastern Trans-Fly	Papua New Guinea
geb-geb.txt	geb	Kire	Ramu-Lower Sepik	Papua New Guinea
gfk-gfk.txt	gfk	Patpatar	Austronesian	Papua New Guinea
gfk-gfkh.txt	gfk	Patpatar	Austronesian	Papua New Guinea
gfk-gfks.txt	gfk	Patpatar	Austronesian	Papua New Guinea
ghs-ghs.txt	ghs	Guhu-Samane	Trans-New Guinea	Papua New Guinea
glk-glk.txt	glk	Gilaki	Indo-European	Iran, Islamic Republic of
gmv-gmvNT.txt	gmv	Gamo	Afro-Asiatic	Ethiopia
gmv-gmvRNT.txt	gmv	Gamo	Afro-Asiatic	Ethiopia
gng-gngNT.txt	gng	Ngangam	Niger-Congo	Togo
gnn-gnn.txt	gnn	Gumatj	Australian	Australia
gnw-gnwNT.txt	gnw	Guaraní, Western Bolivian	Tupian	Bolivia, Plurinational State of
gof-gofENT.txt	gof	Gofa	Afro-Asiatic	Ethiopia
gof-gofRNT.txt	gof	Gofa	Afro-Asiatic	Ethiopia
grc-grc-tisch.txt	grc	Greek, Ancient	Indo-European	Greece
grc-grcbrent.txt	grc	Greek, Ancient	Indo-European	Greece
grc-grcbyz.txt	grc	Greek, Ancient	Indo-European	Greece
grc-grcf35.txt	grc	Greek, Ancient	Indo-European	Greece
grc-grcmt.txt	grc	Greek, Ancient	Indo-European	Greece
grc-grcsr.txt	grc	Greek, Ancient	Indo-European	Greece
grc-grctcgnt.txt	grc	Greek, Ancient	Indo-European	Greece
grc-grctr.txt	grc	Greek, Ancient	Indo-European	Greece
gub-gubBl.txt	gub	Guajajára	Tupian	Brazil
guh-guh.txt	guh	Guahibo	Guajiboan	Colombia
gui-guiNT.txt	gui	Guaraní, Eastern Bolivian	Tupian	Bolivia, Plurinational State of
guj-guj2017.txt	guj	Gujarati	Indo-European	India
gul-gulNT.txt	gul	Sea Island English Creole	Creole	United States
gum-gum.txt	gum	Misak	Paezan	Colombia
gun-gun.txt	gun	Guaraní, Mbyá	Tupian	Brazil
guo-guoNT.txt	guo	Guayabero	Guajiboan	Colombia
gup-gup.txt	gup	Gunwinggu	Australian	Australia
gux-gux.txt	gux	Gourmanchéma	Niger-Congo	Burkina Faso
gux-guxg.txt	gux	Gourmanchéma	Niger-Congo	Burkina Faso
gvc-gvc.txt	gvc	Wanano	Tucanoan	Brazil
gvf-gvf.txt	gvf	Golin	Trans-New Guinea	Papua New Guinea
gvn-gvn.txt	gvn	Kuku-Yalanji	Australian	Australia
gvs-gvs.txt	gvs	Gumawana	Austronesian	Papua New Guinea
gwi-gwiNT.txt	gwi	Gwich’in	Eyak-Athabaskan	Canada
gym-gymNT.txt	gym	Ngäbere	Chibchan	Panama
gyr-gyrNT.txt	gyr	Guarayu	Tupian	Bolivia, Plurinational State of
hat-hat.txt	hat	Haitian Creole	Creole	Haiti
hat-hatbsa.txt	hat	Haitian Creole	Creole	Haiti
hau-hausa.txt	hau	Hausa	Afro-Asiatic	Nigeria
hau-hauulb.txt	hau	Hausa	Afro-Asiatic	Nigeria
haw-haw1868.txt	haw	Hawaiian	Austronesian	United States
hbo-hbo.txt	hbo	Hebrew, Ancient	Afro-Asiatic	Israel
hbo-hboWLC.txt	hbo	Hebrew, Ancient	Afro-Asiatic	Israel
hch-hchNT.txt	hch	Huichol	Uto-Aztecan	Mexico
heb-heb.txt	heb	Hebrew	Afro-Asiatic	Israel
heg-hegNTpo.txt	heg	Helong	Austronesian	Indonesia
hin-hin2017.txt	hin	Hindi	Indo-European	India
hix-hixNT.txt	hix	Hixkaryána	Cariban	Brazil
hla-hla.txt	hla	Halia	Austronesian	Papua New Guinea
hlt-hlt.txt	hlt	Chin, Matu	Sino-Tibetan	Myanmar
hlt-hltmcsb.txt	hlt	Chin, Matu	Sino-Tibetan	Myanmar
hlt-hltthb.txt	hlt	Chin, Matu	Sino-Tibetan	Myanmar
hmo-hmo.txt	hmo	Motu, Hiri	Pidgin	Papua New Guinea
hns-hnsNT.txt	hns	Hindustani, Sarnami	Indo-European	Suriname
hop-hopNT.txt	hop	Hopi	Uto-Aztecan	United States
hot-hot.txt	hot	Malei	Austronesian	Papua New Guinea
hrv-hrv.txt	hrv	Croatian	Indo-European	Croatia
hto-hto.txt	hto	Witoto, Minika	Witotoan	Colombia
hub-hubNT.txt	hub	Wampís	Jivaroan	Peru
hui-hui.txt	hui	Huli	Trans-New Guinea	Papua New Guinea
hun-hun.txt	hun	Hungarian	Uralic	Hungary
hus-husNT1971.txt	hus	Huastec	Mayan	Mexico
hus-husNT2005.txt	hus	Huastec	Mayan	Mexico
huu-huuNT.txt	huu	Witoto, Murui	Witotoan	Colombia
huv-huvNT.txt	huv	Huave, San Mateo del Mar	Huavean	Mexico
hvn-hvn.txt	hvn	Hawu	Austronesian	Indonesia
ian-ian.txt	ian	Iatmul	Sepik	Papua New Guinea
ign-ignNT.txt	ign	Ignaciano	Maipurean	Bolivia, Plurinational State of
ikk-ikkNT.txt	ikk	Ika	Niger-Congo	Nigeria
ikw-ikwNT.txt	ikw	Ikwere	Niger-Congo	Nigeria
ilo-iloulb.txt	ilo	Ilocano	Austronesian	Philippines
imo-imo.txt	imo	Imbongu	Trans-New Guinea	Papua New Guinea
inb-inb.txt	inb	Inga	Quechuan	Colombia
ind-ind.txt	ind	Indonesian	Austronesian	Indonesia
ind-indags.txt	ind	Indonesian	Austronesian	Indonesia
ino-ino.txt	ino	Inoke-Yate	Trans-New Guinea	Papua New Guinea
iou-iou.txt	iou	Tuma-Irumu	Trans-New Guinea	Papua New Guinea
ipi-ipi.txt	ipi	Ipili	Trans-New Guinea	Papua New Guinea
isn-isn.txt	isn	Isanzu	Niger-Congo	Tanzania, United Republic of
ita-ita1885.txt	ita	Italian	Indo-European	Italy
ita-ita1927.txt	ita	Italian	Indo-European	Italy
iws-iws.txt	iws	Iwam, Sepik	Sepik	Papua New Guinea
ixl-ixlCNT.txt	ixl	Ixil	Mayan	Guatemala
ixl-ixlNNT.txt	ixl	Ixil	Mayan	Guatemala
jac-jacNT.txt	jac	Jakalteko	Mayan	Guatemala
jae-jae.txt	jae	Yabem	Austronesian	Papua New Guinea
jao-jao.txt	jao	Yanyuwa	Australian	Australia
jic-jicNT.txt	jic	Tol	Jicaquean	Honduras
jid-jid.txt	jid	Bu	Niger-Congo	Nigeria
jiv-jivNT.txt	jiv	Shuar	Jivaroan	Ecuador
jni-jni.txt	jni	Janji	Niger-Congo	Nigeria
jpn-jpn1965.txt	jpn	Japanese	Japonic	Japan
jvn-jvnNT.txt	jvn	Javanese, Suriname	Austronesian	Suriname
kan-kan2017.txt	kan	Kannada	Dravidian	India
kaq-kaqNT.txt	kaq	Capanahua	Panoan	Peru
kbc-kbcNT.txt	kbc	Kadiwéu	Guaykuruan	Brazil
kbh-kbh.txt	kbh	Camsá	Language isolate	Colombia
kbm-kbm.txt	kbm	Iwal	Austronesian	Papua New Guinea
kbq-kbq.txt	kbq	Kamano	Trans-New Guinea	Papua New Guinea
kdc-kdc.txt	kdc	Kutu	Niger-Congo	Tanzania, United Republic of
kde-kde.txt	kde	Makonde	Niger-Congo	Tanzania, United Republic of
kdl-kdlNT.txt	kdl	Tsikimba	Niger-Congo	Nigeria
kek-kekNT.txt	kek	Q’eqchi’	Mayan	Guatemala
ken-kenNT.txt	ken	Kenyang	Niger-Congo	Cameroon
kew-kew.txt	kew	Kewapi, West	Trans-New Guinea	Papua New Guinea
kgf-kgf.txt	kgf	Kube	Trans-New Guinea	Papua New Guinea
kgk-kgkNT.txt	kgk	Kaiwá	Tupian	Brazil
kgp-kgpNT.txt	kgp	Kaingang	Jean	Brazil
khs-khs.txt	khs	Kasua	Trans-New Guinea	Papua New Guinea
khz-khz.txt	khz	Keapara	Austronesian	Papua New Guinea
kik-kik.txt	kik	Gikuyu	Niger-Congo	Kenya
kiw-kiw.txt	kiw	Kiwai, Northeast	Trans-New Guinea	Papua New Guinea
kiz-kiz.txt	kiz	Kisi	Niger-Congo	Tanzania, United Republic of
kje-kjeNT.txt	kje	Kisar	Austronesian	Indonesia
kjn-kjn.txt	kjn	Kunjen	Australian	Australia
kjs-kjs.txt	kjs	Kewapi, East	Trans-New Guinea	Papua New Guinea
kkc-kkc.txt	kkc	Odoodee	Trans-New Guinea	Papua New Guinea
kkl-kkl.txt	kkl	Yale, Kosarek	Trans-New Guinea	Indonesia
klt-klt.txt	klt	Nukna	Trans-New Guinea	Papua New Guinea
klv-klv.txt	klv	Maskelynes	Austronesian	Vanuatu
kmg-kmg.txt	kmg	Kâte	Trans-New Guinea	Papua New Guinea
kmh-kmh-m.txt	kmh	Kalam	Trans-New Guinea	Papua New Guinea
kmh-kmh.txt	kmh	Kalam	Trans-New Guinea	Papua New Guinea
kmk-kmk.txt	kmk	Kalinga, Limos	Austronesian	Philippines
kmo-kmo.txt	kmo	Kwoma	Sepik	Papua New Guinea
kms-kms.txt	kms	Kamasau	Torricelli	Papua New Guinea
kmu-kmu.txt	kmu	Kanite	Trans-New Guinea	Papua New Guinea
kne-kne.txt	kne	Kankanaey	Austronesian	Philippines
knf-knf.txt	knf	Mankanya	Niger-Congo	Guinea-Bissau
knj-knjNT.txt	knj	Akateko	Mayan	Guatemala
knv-knv-aramia.txt	knv	Tabo	South-Central Papuan	Papua New Guinea
knv-knv-fly_river.txt	knv	Tabo	South-Central Papuan	Papua New Guinea
kos-kos.txt	kos	Kosraean	Austronesian	Micronesia, Federated States of
kpf-kpf.txt	kpf	Komba	Trans-New Guinea	Papua New Guinea
kpg-kpg.txt	kpg	Kapingamarangi	Austronesian	Micronesia, Federated States of
kpj-kpjNT.txt	kpj	Karajá	Karajá	Brazil
kpr-kpr.txt	kpr	Korafe-Yegha	Trans-New Guinea	Papua New Guinea
kpw-kpw.txt	kpw	Kobon	Trans-New Guinea	Papua New Guinea
kpx-kpx.txt	kpx	Koiali, Mountain	Trans-New Guinea	Papua New Guinea
kqa-kqa.txt	kqa	Mum	Trans-New Guinea	Papua New Guinea
kqc-kqc.txt	kqc	Doromu-Koki	Trans-New Guinea	Papua New Guinea
kqf-kqf.txt	kqf	Kakabai	Austronesian	Papua New Guinea
kql-kql.txt	kql	Kyenele	Yuat	Papua New Guinea
kqw-kqw.txt	kqw	Kandas	Austronesian	Papua New Guinea
ksd-ksd.txt	ksd	Kuanua	Austronesian	Papua New Guinea
ksj-ksj.txt	ksj	Uare	Trans-New Guinea	Papua New Guinea
ksr-ksr.txt	ksr	Borong	Trans-New Guinea	Papua New Guinea
ktm-ktm.txt	ktm	Kurti	Austronesian	Papua New Guinea
kto-kto.txt	kto	Kuot	Language isolate	Papua New Guinea
kud-kud.txt	kud	’Auhelawa	Austronesian	Papua New Guinea
kue-kue.txt	kue	Kuman	Trans-New Guinea	Papua New Guinea
kup-kup.txt	kup	Kunimaipa	Trans-New Guinea	Papua New Guinea
kvg-kvg.txt	kvg	Kuni-Boazi	Trans-New Guinea	Papua New Guinea
kvn-kvnNT.txt	kvn	Kuna, Border	Chibchan	Colombia
kwd-kwd.txt	kwd	Kwaio	Austronesian	Solomon Islands
kwf-kwf.txt	kwf	Kwara’ae	Austronesian	Solomon Islands
kwi-kwi.txt	kwi	Awa-Cuaiquer	Barbacoan	Colombia
kwj-kwj.txt	kwj	Kwanga	Sepik	Papua New Guinea
kyc-kyc.txt	kyc	Kyaka	Trans-New Guinea	Papua New Guinea
kyf-kyf.txt	kyf	Kouya	Niger-Congo	Côte d'Ivoire
kyg-kyg.txt	kyg	Keyagana	Trans-New Guinea	Papua New Guinea
kyq-kyq.txt	kyq	Kenga	Nilo-Saharan	Chad
kyz-kyzNT.txt	kyz	Kayabí	Tupian	Brazil
kze-kze.txt	kze	Kosena	Trans-New Guinea	Papua New Guinea
lac-lacNT.txt	lac	Lacandon	Mayan	Mexico
lat-latVUC.txt	lat	Latin	Indo-European	Holy See (Vatican City State)
lbb-lbb.txt	lbb	Label	Austronesian	Papua New Guinea
lbk-lbk.txt	lbk	Bontok, Central	Austronesian	Philippines
lcm-lcm.txt	lcm	Tungag	Austronesian	Papua New Guinea
leu-leu.txt	leu	Kara	Austronesian	Papua New Guinea
lex-lex.txt	lex	Luang	Austronesian	Indonesia
lgl-lgl.txt	lgl	Wala	Austronesian	Solomon Islands
lid-lid.txt	lid	Nyindrou	Austronesian	Papua New Guinea
lif-lifNT.txt	lif	Limbu	Sino-Tibetan	Nepal
lif-lifNT2.txt	lif	Limbu	Sino-Tibetan	Nepal
lin-lin.txt	lin	Lingala	Niger-Congo	Congo, The Democratic Republic of the
lit-lit.txt	lit	Lithuanian	Indo-European	Lithuania
llg-llg.txt	llg	Lole	Austronesian	Indonesia
lug-lug.txt	lug	Ganda	Niger-Congo	Uganda
luo-luo.txt	luo	Dholuo	Nilo-Saharan	Kenya
lww-lww.txt	lww	Lewo	Austronesian	Vanuatu
maa-maaNT.txt	maa	Mazatec, San Jerónimo Tecóatl	Otomanguean	Mexico
maj-majNT.txt	maj	Mazatec, Jalapa de Díaz	Otomanguean	Mexico
mal-mal.txt	mal	Malayalam	Dravidian	India
mal-malc.txt	mal	Malayalam	Dravidian	India
mam-mamC.txt	mam	Mam	Mayan	Guatemala
mam-mamNT.txt	mam	Mam	Mayan	Guatemala
maq-maqNT.txt	maq	Mazatec, Chiquihuitlán	Otomanguean	Mexico
mar-mar.txt	mar	Marathi	Indo-European	India
mau-mauNT.txt	mau	Mazatec, Huautla	Otomanguean	Mexico
mav-mavNT.txt	mav	Sateré-Mawé	Tupian	Brazil
maz-mazNT.txt	maz	Mazahua, Central	Otomanguean	Mexico
mbb-mbbOT.txt	mbb	Manobo, Western Bukidnon	Austronesian	Philippines
mbc-mbcNT.txt	mbc	Macushi	Cariban	Brazil
mbh-mbh.txt	mbh	Mangseng	Austronesian	Papua New Guinea
mbj-mbjNT.txt	mbj	Nadëb	Puinavean	Brazil
mbl-mblNT.txt	mbl	Maxakalí	Maxakalian	Brazil
mbs-mbs.txt	mbs	Manobo, Sarangani	Austronesian	Philippines
mbt-mbtNT.txt	mbt	Manobo, Matigsalug	Austronesian	Philippines
mca-mca.txt	mca	Maka	Matacoan	Paraguay
mcb-mcbNT.txt	mcb	Matsigenka	Maipurean	Peru
mcd-mcdNT.txt	mcd	Sharanahua	Panoan	Peru
mcf-mcfNT.txt	mcf	Matses	Panoan	Peru
mco-mcoNT.txt	mco	Mixe, Coatlán	Mixe-Zoquean	Mexico
mcp-mcp.txt	mcp	Makaa	Niger-Congo	Cameroon
mcq-mcq.txt	mcq	Ese	Trans-New Guinea	Papua New Guinea
mcr-mcr.txt	mcr	Menya	Trans-New Guinea	Papua New Guinea
mdy-mdyeth.txt	mdy	Male	Afro-Asiatic	Ethiopia
med-med.txt	med	Melpa	Trans-New Guinea	Papua New Guinea
mee-mee.txt	mee	Mengen	Austronesian	Papua New Guinea
mek-mek.txt	mek	Mekeo	Austronesian	Papua New Guinea
meq-meq.txt	meq	Merey	Afro-Asiatic	Cameroon
met-met.txt	met	Mato	Austronesian	Papua New Guinea
meu-meu.txt	meu	Motu	Austronesian	Papua New Guinea
mgc-mgc.txt	mgc	Morokodo	Nilo-Saharan	South Sudan
mgh-mgh.txt	mgh	Makhuwa-Meetto	Niger-Congo	Mozambique
mgh-mgh2016.txt	mgh	Makhuwa-Meetto	Niger-Congo	Mozambique
mgw-mgw.txt	mgw	Matumbi	Niger-Congo	Tanzania, United Republic of
mhl-mhl.txt	mhl	Mauwake	Trans-New Guinea	Papua New Guinea
mib-mibNT.txt	mib	Mixtec, Atatlahuca	Otomanguean	Mexico
mic-micMIQNT.txt	mic	Mi’kmaq	Algic	Canada
mie-mieNT.txt	mie	Mixtec, Ocotepec	Otomanguean	Mexico
mig-migNT.txt	mig	Mixtec, San Miguel el Grande	Otomanguean	Mexico
mih-mihNT.txt	mih	Mixtec, Chayuco	Otomanguean	Mexico
mil-milNT.txt	mil	Mixtec, Peñoles	Otomanguean	Mexico
mio-mioNT.txt	mio	Mixtec, Pinotepa Nacional	Otomanguean	Mexico
mir-mirNT.txt	mir	Mixe, Isthmus	Mixe-Zoquean	Mexico
mit-mitNT.txt	mit	Mixtec, Southern Puebla	Otomanguean	Mexico
miz-mizNT.txt	miz	Mixtec, Coatzospan	Otomanguean	Mexico
mjc-mjcNT.txt	mjc	Mixtec, San Juan Colorado	Otomanguean	Mexico
mkj-mkj.txt	mkj	Mokilese	Austronesian	Micronesia, Federated States of
mkl-mkl.txt	mkl	Mokole	Niger-Congo	Benin
mkn-mkn.txt	mkn	Malay, Kupang	Creole	Indonesia
mks-mksNT.txt	mks	Mixtec, Silacayoapan	Otomanguean	Mexico
mle-mle.txt	mle	Manambu	Sepik	Papua New Guinea
mlh-mlh.txt	mlh	Mape	Trans-New Guinea	Papua New Guinea
mlp-mlp.txt	mlp	Bargam	Trans-New Guinea	Papua New Guinea
mmo-mmo.txt	mmo	Buang, Mangga	Austronesian	Papua New Guinea
mmx-mmx.txt	mmx	Madak	Austronesian	Papua New Guinea
mna-mna.txt	mna	Mbula	Austronesian	Papua New Guinea
mop-mopNT.txt	mop	Maya, Mopán	Mayan	Belize
mox-mox.txt	mox	Molima	Austronesian	Papua New Guinea
mph-mph.txt	mph	Maung	Australian	Australia
mpj-mpj.txt	mpj	Martu Wangka	Australian	Australia
mpm-mpmNT.txt	mpm	Mixtec, Yosondúa	Otomanguean	Mexico
mpp-mpp.txt	mpp	Migabac	Trans-New Guinea	Papua New Guinea
mps-mps.txt	mps	Dadibi	Trans-New Guinea	Papua New Guinea
mpt-mpt.txt	mpt	Mian	Trans-New Guinea	Papua New Guinea
mpx-mpx.txt	mpx	Misima-Panaeati	Austronesian	Papua New Guinea
mqb-mqbNT.txt	mqb	Mbuko	Afro-Asiatic	Cameroon
mqj-mqjNT.txt	mqj	Mamasa	Austronesian	Indonesia
msb-msb.txt	msb	Masbatenyo	Austronesian	Philippines
msc-msc.txt	msc	Maninka, Sankaran	Niger-Congo	Guinea
msk-msk.txt	msk	Mansaka	Austronesian	Philippines
msm-msmNT.txt	msm	Manobo, Agusan	Austronesian	Philippines
msy-msy.txt	msy	Aruamu	Ramu-Lower Sepik	Papua New Guinea
msy-msy2020.txt	msy	Aruamu	Ramu-Lower Sepik	Papua New Guinea
mti-mti.txt	mti	Maiwa	Trans-New Guinea	Papua New Guinea
mto-mtoNT.txt	mto	Mixe, Totontepec	Mixe-Zoquean	Mexico
mux-mux.txt	mux	Bo-Ung	Trans-New Guinea	Papua New Guinea
muy-muy.txt	muy	Muyang	Afro-Asiatic	Cameroon
mva-mva.txt	mva	Manam	Austronesian	Papua New Guinea
mvn-mvn.txt	mvn	Minaveha	Austronesian	Papua New Guinea
mwc-mwc.txt	mwc	Are	Austronesian	Papua New Guinea
mwe-mwe.txt	mwe	Mwera	Niger-Congo	Tanzania, United Republic of
mwf-mwf2018.txt	mwf	Murrinh-Patha	Australian	Australia
mwp-mwp.txt	mwp	Kala Lagaw Ya	Australian	Australia
mxb-mxbNT.txt	mxb	Mixtec, Tezoatlán	Otomanguean	Mexico
mxp-mxpNT.txt	mxp	Mixe, Tlahuitoltepec	Mixe-Zoquean	Mexico
mxq-mxqNT.txt	mxq	Mixe, Juquila	Mixe-Zoquean	Mexico
mxt-mxtNT.txt	mxt	Mixtec, Jamiltepec	Otomanguean	Mexico
mya-mya.txt	mya	Burmese	Sino-Tibetan	Myanmar
mya-myajvb.txt	mya	Burmese	Sino-Tibetan	Myanmar
myk-myk.txt	myk	Sénoufo, Mamara	Niger-Congo	Mali
myu-myu.txt	myu	Mundurukú	Tupian	Brazil
myw-myw.txt	myw	Muyuw	Austronesian	Papua New Guinea
myy-myy.txt	myy	Macuna	Tucanoan	Colombia
mzz-mzz.txt	mzz	Maiadomu	Austronesian	Papua New Guinea
nab-nabNT.txt	nab	Nambikuára, Southern	Nambikwara	Brazil
naf-naf.txt	naf	Nabak	Trans-New Guinea	Papua New Guinea
nak-nak.txt	nak	Nakanai	Austronesian	Papua New Guinea
nas-nas.txt	nas	Naasioi	South Bougainville	Papua New Guinea
nay-nay.txt	nay	Ngarrindjeri	Australian	Australia
nbq-nbq.txt	nbq	Nggem	Trans-New Guinea	Indonesia
nca-nca.txt	nca	Iyo	Trans-New Guinea	Papua New Guinea
nch-nchBl.txt	nch	Nahuatl, Central Huasteca	Uto-Aztecan	Mexico
ncj-ncjNT.txt	ncj	Nahuatl, Northern Puebla	Uto-Aztecan	Mexico
ncl-nclNT.txt	ncl	Nahuatl, Michoacán	Uto-Aztecan	Mexico
ncu-ncuNT.txt	ncu	Chumburung	Niger-Congo	Ghana
ndg-ndg.txt	ndg	Ndengereko	Niger-Congo	Tanzania, United Republic of
ndj-ndj.txt	ndj	Ndamba	Niger-Congo	Tanzania, United Republic of
nfa-nfa.txt	nfa	Dhao	Austronesian	Indonesia
ngp-ngp.txt	ngp	Ngulu	Niger-Congo	Tanzania, United Republic of
ngu-nguNT.txt	ngu	Nahuatl, Guerrero	Uto-Aztecan	Mexico
nhe-nheBl.txt	nhe	Nahuatl, Eastern Huasteca	Uto-Aztecan	Mexico
nhe-nheNT.txt	nhe	Nahuatl, Eastern Huasteca	Uto-Aztecan	Mexico
nhg-nhgNT.txt	nhg	Nahuatl, Tetelcingo	Uto-Aztecan	Mexico
nhi-nhiNT.txt	nhi	Nahuatl, Zacatlán-Ahuacatlán-Tepetzintla	Uto-Aztecan	Mexico
nho-nho.txt	nho	Takuu	Austronesian	Papua New Guinea
nhr-nhr.txt	nhr	Naro	Khoe-Kwadi	Botswana
nhu-nhuNT.txt	nhu	Noone	Niger-Congo	Cameroon
nhw-nhwBl.txt	nhw	Nahuatl, Western Huasteca	Uto-Aztecan	Mexico
nhy-nhyNT.txt	nhy	Nahuatl, Northern Oaxaca	Uto-Aztecan	Mexico
nif-nif.txt	nif	Nek	Trans-New Guinea	Papua New Guinea
nii-nii.txt	nii	Nii	Trans-New Guinea	Papua New Guinea
nin-ninNT.txt	nin	Ninzo	Niger-Congo	Nigeria
nko-nkoNT.txt	nko	Nkonya	Niger-Congo	Ghana
nld-nld1939.txt	nld	Dutch	Indo-European	Netherlands
nlg-nlg.txt	nlg	Gela	Austronesian	Solomon Islands
nmw-nmws.txt	nmw	Rifao	Austronesian	Papua New Guinea
nna-nna.txt	nna	Nyangumarta	Australian	Australia
nnq-nnq.txt	nnq	Ngindo	Niger-Congo	Tanzania, United Republic of
noa-noaE.txt	noa	Woun Meu	Chocoan	Colombia
noa-noaH.txt	noa	Woun Meu	Chocoan	Colombia
nop-nop.txt	nop	Numanggang	Trans-New Guinea	Papua New Guinea
not-notNT.txt	not	Nomatsigenga	Maipurean	Peru
nou-nou.txt	nou	Ewage-Notu	Trans-New Guinea	Papua New Guinea
npi-npiulb.txt	npi	Nepali	Indo-European	Nepal
npl-nplNT.txt	npl	Nahuatl, Southeastern Puebla	Uto-Aztecan	Mexico
nsn-nsn.txt	nsn	Nehan	Austronesian	Papua New Guinea
nss-nss.txt	nss	Nali	Austronesian	Papua New Guinea
ntj-ntj.txt	ntj	Ngaanyatjarra	Australian	Australia
ntp-ntpNT.txt	ntp	Tepehuan, Northern	Uto-Aztecan	Mexico
ntu-ntu.txt	ntu	Natügu	Austronesian	Solomon Islands
nuy-nuy.txt	nuy	Nunggubuyu	Australian	Australia
nvm-nvm.txt	nvm	Namiae	Trans-New Guinea	Papua New Guinea
nwi-nwi.txt	nwi	Tanna, Southwest	Austronesian	Vanuatu
nya-nya.txt	nya	Chichewa	Niger-Congo	Malawi
nys-nys.txt	nys	Nyungar	Australian	Australia
nyu-nyu.txt	nyu	Nyungwe	Niger-Congo	Mozambique
obo-oboNT.txt	obo	Manobo, Obo	Austronesian	Philippines
okv-okv.txt	okv	Orokaiva	Trans-New Guinea	Papua New Guinea
okv-okvh.txt	okv	Orokaiva	Trans-New Guinea	Papua New Guinea
omw-omw-a.txt	omw	Tairora, South	Trans-New Guinea	Papua New Guinea
omw-omw-v.txt	omw	Tairora, South	Trans-New Guinea	Papua New Guinea
omw-omw.txt	omw	Tairora, South	Trans-New Guinea	Papua New Guinea
ong-ong.txt	ong	Olo	Torricelli	Papua New Guinea
ons-ons.txt	ons	Ono	Trans-New Guinea	Papua New Guinea
ood-oodNT.txt	ood	Tohono O’odham	Uto-Aztecan	United States
opm-opm.txt	opm	Oksapmin	Trans-New Guinea	Papua New Guinea
ory-ory.txt	ory	Odia	Indo-European	India
ote-oteNT.txt	ote	Otomi, Mezquital	Otomanguean	Mexico
otm-otmNT.txt	otm	Otomi, Eastern Highland	Otomanguean	Mexico
otn-otnNT.txt	otn	Otomi, Tenango	Otomanguean	Mexico
otq-otqNT.txt	otq	Otomi, Querétaro	Otomanguean	Mexico
ots-otsNT.txt	ots	Otomí, Estado de México	Otomanguean	Mexico
pab-pabNT.txt	pab	Parecís	Maipurean	Brazil
pad-padNT.txt	pad	Paumarí	Arauan	Brazil
pah-pahNT.txt	pah	Tenharim	Tupian	Brazil
pan-pan.txt	pan	Punjabi, Eastern	Indo-European	India
pao-paoNT.txt	pao	Paiute, Northern	Uto-Aztecan	United States
pes-pesOPV.txt	pes	Persian, Iranian	Indo-European	Iran, Islamic Republic of
pib-pibNT.txt	pib	Yine	Maipurean	Peru
pio-pioNT.txt	pio	Piapoco	Maipurean	Colombia
pir-pirNT.txt	pir	Piratapuyo	Tucanoan	Brazil
piu-piu2006.txt	piu	Pintupi-Luritja	Australian	Australia
pjt-pjt.txt	pjt	Pitjantjatjara	Australian	Australia
pls-plsNT.txt	pls	Popoloca, San Marcos Tlacoyalco	Otomanguean	Mexico
plu-plu.txt	plu	Palikúr	Maipurean	Brazil
pma-pma.txt	pma	Paama	Austronesian	Vanuatu
poe-poeNT.txt	poe	Popoloca, San Juan Atzingo	Otomanguean	Mexico
poh-pohNT.txt	poh	Poqomchi’	Mayan	Guatemala
poi-poiNT.txt	poi	Popoluca, Highland	Mixe-Zoquean	Mexico
pol-polsz.txt	pol	Polish	Indo-European	Poland
pol-polubg.txt	pol	Polish	Indo-European	Poland
pon-pon-pdn.txt	pon	Pohnpeian	Austronesian	Micronesia, Federated States of
pon-pon.txt	pon	Pohnpeian	Austronesian	Micronesia, Federated States of
pon-pon2006.txt	pon	Pohnpeian	Austronesian	Micronesia, Federated States of
pon-pon2006a.txt	pon	Pohnpeian	Austronesian	Micronesia, Federated States of
por-porblt.txt	por	Portuguese	Indo-European	Portugal
por-porbr2018.txt	por	Portuguese	Indo-European	Portugal
por-porbrbsl.txt	por	Portuguese	Indo-European	Portugal
por-portft.txt	por	Portuguese	Indo-European	Portugal
poy-poy.txt	poy	Pogolo	Niger-Congo	Tanzania, United Republic of
ppo-ppo.txt	ppo	Folopa	Trans-New Guinea	Papua New Guinea
prf-prfNT.txt	prf	Paranan	Austronesian	Philippines
pri-priNT.txt	pri	Paicî	Austronesian	New Caledonia
ptp-ptp.txt	ptp	Patep	Austronesian	Papua New Guinea
ptu-ptu.txt	ptu	Bambam	Austronesian	Indonesia
pwg-pwg.txt	pwg	Gapapaiwa	Austronesian	Papua New Guinea
qub-qub.txt	qub	Quechua, Huallaga	Quechuan	Peru
quc-qucNNT.txt	quc	K’iche’	Mayan	Guatemala
quc-qucTNT.txt	quc	K’iche’	Mayan	Guatemala
quf-qufNT.txt	quf	Quechua, Lambayeque	Quechuan	Peru
quh-quhNT.txt	quh	Quechua, South Bolivian	Quechuan	Bolivia, Plurinational State of
qul-qulNT.txt	qul	Quechua, North Bolivian	Quechuan	Bolivia, Plurinational State of
qup-qupNT.txt	qup	Quechua, Southern Pastaza	Quechuan	Peru
qvc-qvcNT.txt	qvc	Quechua, Cajamarca	Quechuan	Peru
qve-qveNT.txt	qve	Quechua, Eastern Apurímac	Quechuan	Peru
qvh-qvhNT.txt	qvh	Quechua, Huamalíes-Dos de Mayo Huánuco	Quechuan	Peru
qvm-qvmNT.txt	qvm	Quechua, Margos-Yarowilca-Lauricocha	Quechuan	Peru
qvn-qvnNT.txt	qvn	Quechua, North Junín	Quechuan	Peru
qvs-qvsNT.txt	qvs	Quechua, San Martín	Quechuan	Peru
qvw-qvwNT.txt	qvw	Quechua, Huaylla Wanca	Quechuan	Peru
qvz-qvzNT.txt	qvz	Quichua, Northern Pastaza	Quechuan	Ecuador
qwh-qwhNT.txt	qwh	Quechua, Huaylas Ancash	Quechuan	Peru
qxh-qxhNT.txt	qxh	Quechua, Panao	Quechuan	Peru
qxn-qxnNT.txt	qxn	Quechua, Northern Conchucos Ancash	Quechuan	Peru
qxo-qxoNT.txt	qxo	Quechua, Southern Conchucos	Quechuan	Peru
rai-rai.txt	rai	Ramoaaina	Austronesian	Papua New Guinea
reg-reg.txt	reg	Kara	Niger-Congo	Tanzania, United Republic of
rgu-rgu.txt	rgu	Rikou	Austronesian	Indonesia
rkb-rkbNT.txt	rkb	Rikbaktsa	Language isolate	Brazil
rmc-rmc.txt	rmc	Romani, Carpathian	Indo-European	Slovakia
rmy-rmyArli.txt	rmy	Romani, Vlax	Indo-European	Romania
rmy-rmyChergash.txt	rmy	Romani, Vlax	Indo-European	Romania
rmy-rmyGurbet.txt	rmy	Romani, Vlax	Indo-European	Romania
ron-ron1924.txt	ron	Romanian	Indo-European	Romania
ron-ronBayash.txt	ron	Romanian	Indo-European	Romania
ron-ronlsb.txt	ron	Romanian	Indo-European	Romania
ron-ronludari.txt	ron	Romanian	Indo-European	Romania
roo-roo.txt	roo	Rotokas	North Bougainville	Papua New Guinea
rop-rop.txt	rop	Kriol	Creole	Australia
row-row.txt	row	Dela-Oenale	Austronesian	Indonesia
rro-rro.txt	rro	Waima	Austronesian	Papua New Guinea
ruf-ruf.txt	ruf	Luguru	Niger-Congo	Tanzania, United Republic of
rug-rug.txt	rug	Roviana	Austronesian	Solomon Islands
rus-russyn.txt	rus	Russian	Indo-European	Russian Federation
rwo-rwo-karo.txt	rwo	Rawa	Trans-New Guinea	Papua New Guinea
rwo-rwo-rawa.txt	rwo	Rawa	Trans-New Guinea	Papua New Guinea
sab-sabNT.txt	sab	Buglere	Chibchan	Panama
san-sanasm.txt	san	Sanskrit	Indo-European	India
san-sanben.txt	san	Sanskrit	Indo-European	India
san-sanbur.txt	san	Sanskrit	Indo-European	India
san-sandev.txt	san	Sanskrit	Indo-European	India
san-sanguj.txt	san	Sanskrit	Indo-European	India
san-sanhk.txt	san	Sanskrit	Indo-European	India
san-sanias.txt	san	Sanskrit	Indo-European	India
san-saniso.txt	san	Sanskrit	Indo-European	India
san-sanitr.txt	san	Sanskrit	Indo-European	India
san-sankhm.txt	san	Sanskrit	Indo-European	India
san-sanmal.txt	san	Sanskrit	Indo-European	India
san-sanori.txt	san	Sanskrit	Indo-European	India
san-sanpun.txt	san	Sanskrit	Indo-European	India
san-sansin.txt	san	Sanskrit	Indo-European	India
san-santam.txt	san	Sanskrit	Indo-European	India
san-santel.txt	san	Sanskrit	Indo-European	India
san-santha.txt	san	Sanskrit	Indo-European	India
san-santib.txt	san	Sanskrit	Indo-European	India
san-sanurd.txt	san	Sanskrit	Indo-European	India
san-sanvel.txt	san	Sanskrit	Indo-European	India
sbe-sbe.txt	sbe	Saliba	Austronesian	Papua New Guinea
sbk-sbk.txt	sbk	Safwa	Niger-Congo	Tanzania, United Republic of
sbs-sbs.txt	sbs	Kuhane	Niger-Congo	Namibia
seh-seh.txt	seh	Sena	Niger-Congo	Mozambique
sey-seyNT.txt	sey	Paicoca	Tucanoan	Ecuador
sgb-sgb.txt	sgb	Ayta, Mag-antsi	Austronesian	Philippines
sgz-sgz.txt	sgz	Sursurunga	Austronesian	Papua New Guinea
shj-shj.txt	shj	Shatt	Nilo-Saharan	Sudan
shp-shpNTpo.txt	shp	Shipibo-Conibo	Panoan	Peru
sim-sim.txt	sim	Mende	Sepik	Papua New Guinea
sja-sjaNT.txt	sja	Epena	Chocoan	Colombia
sll-sll.txt	sll	Yui	Trans-New Guinea	Papua New Guinea
smk-smkNT.txt	smk	Bolinao	Austronesian	Philippines
snc-snc.txt	snc	Sinaugoro	Austronesian	Papua New Guinea
snn-snnNT.txt	snn	Siona	Tucanoan	Colombia
snp-snp-lambau.txt	snp	Siane	Trans-New Guinea	Papua New Guinea
snp-snp.txt	snp	Siane	Trans-New Guinea	Papua New Guinea
snx-snx.txt	snx	Sam	Trans-New Guinea	Papua New Guinea
sny-sny.txt	sny	Saniyo-Hiyewe	Sepik	Papua New Guinea
som-som.txt	som	Somali	Afro-Asiatic	Somalia
soq-soq.txt	soq	Kanasi	Trans-New Guinea	Papua New Guinea
soy-soy.txt	soy	Miyobe	Niger-Congo	Benin
spa-spabes.txt	spa	Spanish	Indo-European	Spain
spa-spablm.txt	spa	Spanish	Indo-European	Spain
spa-spapddpt.txt	spa	Spanish	Indo-European	Spain
spa-spaRV1909.txt	spa	Spanish	Indo-European	Spain
spa-sparvg.txt	spa	Spanish	Indo-European	Spain
spa-spavbl.txt	spa	Spanish	Indo-European	Spain
spl-spl.txt	spl	Selepet	Trans-New Guinea	Papua New Guinea
spm-spm.txt	spm	Akukem	Ramu-Lower Sepik	Papua New Guinea
spp-spp.txt	spp	Sénoufo, Supyire	Niger-Congo	Mali
sps-sps.txt	sps	Saposa	Austronesian	Papua New Guinea
spy-spyNT.txt	spy	Sabaot	Nilo-Saharan	Kenya
sri-sri.txt	sri	Siriano	Tucanoan	Colombia
srm-srmNT.txt	srm	Saramaccan	Creole	Suriname
srn-srnNT.txt	srn	Sranan Tongo	Creole	Suriname
srp-srp1865.txt	srp	Serbian	Indo-European	Serbia
srq-srqNT.txt	srq	Sirionó	Tupian	Bolivia, Plurinational State of
ssd-ssd.txt	ssd	Siroi	Trans-New Guinea	Papua New Guinea
ssg-ssg.txt	ssg	Seimat	Austronesian	Papua New Guinea
ssx-ssx.txt	ssx	Samberigi	Trans-New Guinea	Papua New Guinea
stp-stpNT.txt	stp	Tepehuan, Southeastern	Uto-Aztecan	Mexico
sua-sua.txt	sua	Sulka	Language isolate	Papua New Guinea
sue-sue.txt	sue	Suena	Trans-New Guinea	Papua New Guinea
sus-sus.txt	sus	Susu	Niger-Congo	Guinea
sus-susa.txt	sus	Susu	Niger-Congo	Guinea
suz-suzBl.txt	suz	Sunwar	Sino-Tibetan	Nepal
swe-swe.txt	swe	Swedish	Indo-European	Sweden
swh-swh1850.txt	swh	Swahili	Niger-Congo	Tanzania, United Republic of
swh-swhonen.txt	swh	Swahili	Niger-Congo	Tanzania, United Republic of
swh-swhulb.txt	swh	Swahili	Niger-Congo	Tanzania, United Republic of
swp-swp.txt	swp	Suau	Austronesian	Papua New Guinea
sxb-sxbNT.txt	sxb	Suba	Niger-Congo	Kenya
tac-tacNT.txt	tac	Tarahumara, Western	Uto-Aztecan	Mexico
taj-taj.txt	taj	Tamang, Eastern	Sino-Tibetan	Nepal
tam-tam2017.txt	tam	Tamil	Dravidian	India
tav-tav.txt	tav	Tatuyo	Tucanoan	Colombia
taw-taw.txt	taw	Tay	Trans-New Guinea	Papua New Guinea
tbc-tbc.txt	tbc	Takia	Austronesian	Papua New Guinea
tbf-tbf.txt	tbf	Mandara	Austronesian	Papua New Guinea
tbg-tbg-a.txt	tbg	Tairora, North	Trans-New Guinea	Papua New Guinea
tbg-tbg.txt	tbg	Tairora, North	Trans-New Guinea	Papua New Guinea
tbl-tblNT.txt	tbl	Tboli	Austronesian	Philippines
tbo-tbo.txt	tbo	Tawala	Austronesian	Papua New Guinea
tbz-tbzsim.txt	tbz	Ditammari	Niger-Congo	Benin
tca-tcaNT.txt	tca	Ticuna	Language isolate	Brazil
tcs-tcs.txt	tcs	Torres Strait Creole	Creole	Australia
tcz-tczchongthu.txt	tcz	Chin, Thado	Sino-Tibetan	India
tdt-tdt.txt	tdt	Tetun Dili	Creole	Timor-Leste
tee-teeNT.txt	tee	Tepehua, Huehuetla	Totonacan	Mexico
tel-tel2017.txt	tel	Telugu	Dravidian	India
ter-terNT.txt	ter	Terêna	Maipurean	Brazil
tet-tet.txt	tet	Tetun	Austronesian	Timor-Leste
tew-tew.txt	tew	Tewa	Kiowa-Tanoan	United States
tfr-tfrNTpo.txt	tfr	Teribe	Chibchan	Panama
tgk-tgk.txt	tgk	Tajik	Indo-European	Tajikistan
tgl-tglulb.txt	tgl	Tagalog	Austronesian	Philippines
tgo-tgo.txt	tgo	Sudest	Austronesian	Papua New Guinea
tgp-tgp.txt	tgp	Tangoa	Austronesian	Vanuatu
tha-thaKJV.txt	tha	Thai	Kra-Dai	Thailand
thd-thd.txt	thd	Kuuk Thayorre	Australian	Australia
tif-tif.txt	tif	Tifal	Trans-New Guinea	Papua New Guinea
tim-tim.txt	tim	Timbe	Trans-New Guinea	Papua New Guinea
tiw-tiw.txt	tiw	Tiwi	Australian	Australia
tiy-tiy.txt	tiy	Teduray	Austronesian	Philippines
tke-tke.txt	tke	Takwane	Niger-Congo	Mozambique
tku-tkuNT.txt	tku	Totonac, Upper Necaxa	Totonacan	Mexico
tlf-tlf.txt	tlf	Telefol	Trans-New Guinea	Papua New Guinea
tmd-tmd.txt	tmd	Haruai	Piawi	Papua New Guinea
tna-tnaNT.txt	tna	Tacana	Tacanan	Bolivia, Plurinational State of
tnc-tnc.txt	tnc	Tanimuca-Letuama	Tucanoan	Colombia
tnk-tnk.txt	tnk	Kwamera	Austronesian	Vanuatu
tnn-tnn.txt	tnn	Tanna, North	Austronesian	Vanuatu
tnp-tnp.txt	tnp	Whitesands	Austronesian	Vanuatu
toc-tocNT.txt	toc	Totonac, Coyutla	Totonacan	Mexico
tod-tod.txt	tod	Toma	Niger-Congo	Guinea
tof-tof.txt	tof	Gizrra	Eastern Trans-Fly	Papua New Guinea
toj-tojNT.txt	toj	Tojolabal	Mayan	Mexico
ton-ton.txt	ton	Tongan	Austronesian	Tonga
too-tooNT.txt	too	Totonac, Xicotepec de Juárez	Totonacan	Mexico
top-topNT.txt	top	Totonac, Papantla	Totonacan	Mexico
tos-tosNT.txt	tos	Totonac, Highland	Totonacan	Mexico
tpa-tpa.txt	tpa	Taupota	Austronesian	Papua New Guinea
tpi-tpi.txt	tpi	Tok Pisin	Creole	Papua New Guinea
tpi-tpiOTNT.txt	tpi	Tok Pisin	Creole	Papua New Guinea
tpt-tptNT.txt	tpt	Tepehua, Tlachichilco	Totonacan	Mexico
tpz-tpz.txt	tpz	Tinputz	Austronesian	Papua New Guinea
trc-trcNT.txt	trc	Triqui, Copala	Otomanguean	Mexico
tsw-tswNT.txt	tsw	Tsishingini	Niger-Congo	Nigeria
ttc-ttcNT.txt	ttc	Tektiteko	Mayan	Guatemala
tte-tte.txt	tte	Bwanabwana	Austronesian	Papua New Guinea
tte-tteo.txt	tte	Bwanabwana	Austronesian	Papua New Guinea
tuc-tuc-o.txt	tuc	Mutu	Austronesian	Papua New Guinea
tuc-tuc-t.txt	tuc	Mutu	Austronesian	Papua New Guinea
tue-tue.txt	tue	Tuyuca	Tucanoan	Colombia
tuf-tuf.txt	tuf	Tunebo, Central	Chibchan	Colombia
tuo-tuoNT.txt	tuo	Tucano	Tucanoan	Brazil
tur-turev.txt	tur	Turkish	Turkic	Turkey
tvk-tvk.txt	tvk	Ambrym, Southeast	Austronesian	Vanuatu
twi-twi.txt	twi	Twi	Niger-Congo	Ghana
txq-txq.txt	txq	Tii	Austronesian	Indonesia
txu-txuNT.txt	txu	Kayapó	Jean	Brazil
tzj-tzjE.txt	tzj	Tz’utujil	Mayan	Guatemala
tzj-tzjNT.txt	tzj	Tz’utujil	Mayan	Guatemala
tzo-tzoNT.txt	tzo	Tzotzil	Mayan	Mexico
tzo-tzoSA.txt	tzo	Tzotzil	Mayan	Mexico
tzo-tzotzc.txt	tzo	Tzotzil	Mayan	Mexico
tzo-tzotze.txt	tzo	Tzotzil	Mayan	Mexico
tzo-tzoZNT.txt	tzo	Tzotzil	Mayan	Mexico
ubr-ubr.txt	ubr	Ubir	Austronesian	Papua New Guinea
ubu-ubu-andelale.txt	ubu	Umbu-Ungu	Trans-New Guinea	Papua New Guinea
ubu-ubu-kala.txt	ubu	Umbu-Ungu	Trans-New Guinea	Papua New Guinea
ubu-ubu-nopenge.txt	ubu	Umbu-Ungu	Trans-New Guinea	Papua New Guinea
udu-udu.txt	udu	Uduk	Nilo-Saharan	Sudan
uig-uigara.txt	uig	Uyghur	Turkic	China
uig-uigcyr.txt	uig	Uyghur	Turkic	China
uig-uiglat.txt	uig	Uyghur	Turkic	China
uig-uigpin.txt	uig	Uyghur	Turkic	China
ukr-ukr1871.txt	ukr	Ukrainian	Indo-European	Ukraine
uli-uli.txt	uli	Ulithian	Austronesian	Micronesia, Federated States of
ulk-ulk.txt	ulk	Meriam Mir	Eastern Trans-Fly	Australia
upv-upv.txt	upv	Uripiv-Wala-Rano-Atchin	Austronesian	Vanuatu
ura-uraNT.txt	ura	Urarina	Language isolate	Peru
urb-urbNT.txt	urb	Kaapor	Tupian	Brazil
urd-urd.txt	urd	Urdu	Indo-European	Pakistan
urd-urdgvh.txt	urd	Urdu	Indo-European	Pakistan
urd-urdgvr.txt	urd	Urdu	Indo-European	Pakistan
urd-urdgvu.txt	urd	Urdu	Indo-European	Pakistan
uri-uri.txt	uri	Urim	Torricelli	Papua New Guinea
urt-urt.txt	urt	Urat	Torricelli	Papua New Guinea
urw-urw.txt	urw	Sop	Trans-New Guinea	Papua New Guinea
usa-usa.txt	usa	Usarufa	Trans-New Guinea	Papua New Guinea
usp-uspNT.txt	usp	Uspanteko	Mayan	Guatemala
uvh-uvh.txt	uvh	Uri	Trans-New Guinea	Papua New Guinea
uvl-uvl.txt	uvl	Lote	Austronesian	Papua New Guinea
vid-vid.txt	vid	Vidunda	Niger-Congo	Tanzania, United Republic of
vie-vie1934.txt	vie	Vietnamese	Austro-Asiatic	Viet Nam
vie-vieovcb.txt	vie	Vietnamese	Austro-Asiatic	Viet Nam
viv-viv.txt	viv	Iduna	Austronesian	Papua New Guinea
vmy-vmyNT.txt	vmy	Mazatec, Ayautla	Otomanguean	Mexico
waj-waj.txt	waj	Waffa	Trans-New Guinea	Papua New Guinea
wal-wal.txt	wal	Wolaytta	Afro-Asiatic	Ethiopia
wap-wapNT.txt	wap	Wapishana	Maipurean	Guyana
wat-wat.txt	wat	Kaninuwa	Austronesian	Papua New Guinea
wbi-wbi.txt	wbi	Vwanji	Niger-Congo	Tanzania, United Republic of
wbp-wbp.txt	wbp	Warlpiri	Australian	Australia
wed-wed-topura.txt	wed	Wedau	Austronesian	Papua New Guinea
wed-wed.txt	wed	Wedau	Austronesian	Papua New Guinea
wer-wer.txt	wer	Amam	Trans-New Guinea	Papua New Guinea
wim-wim.txt	wim	Wik-Mungkan	Australian	Australia
wiu-wiu.txt	wiu	Witu	Trans-New Guinea	Papua New Guinea
wiv-wiv.txt	wiv	Vitu	Austronesian	Papua New Guinea
wmt-wmt.txt	wmt	Walmajarri	Australian	Australia
wmw-wmw.txt	wmw	Mwani	Niger-Congo	Mozambique
wnc-wnc.txt	wnc	Wantoat	Trans-New Guinea	Papua New Guinea
wnu-wnu.txt	wnu	Usan	Trans-New Guinea	Papua New Guinea
wol-wol2010.txt	wol	Wolof	Niger-Congo	Senegal
wol-wolKYG.txt	wol	Wolof	Niger-Congo	Senegal
wos-wos.txt	wos	Hanga Hundi	Sepik	Papua New Guinea
wrk-wrk.txt	wrk	Garrwa	Australian	Australia
wro-wro.txt	wro	Worrorra	Australian	Australia
wrs-wrs.txt	wrs	Waris	Border	Papua New Guinea
wsk-wsk.txt	wsk	Waskia	Trans-New Guinea	Papua New Guinea
wuv-wuv.txt	wuv	Wuvulu-Aua	Austronesian	Papua New Guinea
xav-xavNT.txt	xav	Xavánte	Jean	Brazil
xbi-xbi-w.txt	xbi	Kombio	Torricelli	Papua New Guinea
xbi-xbi-y.txt	xbi	Kombio	Torricelli	Papua New Guinea
xed-xed.txt	xed	Hdi	Afro-Asiatic	Cameroon
xla-xla.txt	xla	Kamula	Trans-New Guinea	Papua New Guinea
xnn-xnn.txt	xnn	Kankanay, Northern	Austronesian	Philippines
xon-xon.txt	xon	Konkomba	Niger-Congo	Ghana
xsi-xsi.txt	xsi	Sio	Austronesian	Papua New Guinea
xtd-xtdNT.txt	xtd	Mixtec, Diuxi-Tilantongo	Otomanguean	Mexico
xtm-xtmNTpp.txt	xtm	Mixtec, Magdalena Peñasco	Otomanguean	Mexico
yaa-yaaNT.txt	yaa	Yaminahua	Panoan	Peru
yad-yadNT.txt	yad	Yagua	Yaguan	Peru
yal-yal.txt	yal	Yalunka	Niger-Congo	Guinea
yap-yap.txt	yap	Yapese	Austronesian	Micronesia, Federated States of
yaq-yaqNT.txt	yaq	Yaqui	Uto-Aztecan	Mexico
yby-yby.txt	yby	Yaweyuha	Trans-New Guinea	Papua New Guinea
ycn-ycn.txt	ycn	Yucuna	Maipurean	Colombia
yka-yka.txt	yka	Yakan	Austronesian	Philippines
yle-yle.txt	yle	Yélî Dnye	Yele-West New Britain	Papua New Guinea
yml-yml.txt	yml	Iamalele	Austronesian	Papua New Guinea
yon-yon.txt	yon	Yongkom	Trans-New Guinea	Papua New Guinea
yor-yor.txt	yor	Yoruba	Niger-Congo	Nigeria
yrb-yrb.txt	yrb	Yareba	Trans-New Guinea	Papua New Guinea
yre-yreNT.txt	yre	Yaouré	Niger-Congo	Côte d'Ivoire
yss-yss-yamano.txt	yss	Yessan-Mayo	Sepik	Papua New Guinea
yss-yss-yawu.txt	yss	Yessan-Mayo	Sepik	Papua New Guinea
yuj-yuj.txt	yuj	Karkar-Yuri	Pauwasi	Papua New Guinea
yut-yut.txt	yut	Yopno	Trans-New Guinea	Papua New Guinea
yuw-yuw.txt	yuw	Yau	Trans-New Guinea	Papua New Guinea
yva-yvaNT.txt	yva	Yawa	West Papuan	Indonesia
zaa-zaaNT.txt	zaa	Zapotec, Sierra de Juárez	Otomanguean	Mexico
zab-zabNT.txt	zab	Zapotec, Western Tlacolula Valley	Otomanguean	Mexico
zac-zacNT.txt	zac	Zapotec, Ocotlán	Otomanguean	Mexico
zad-zadNT.txt	zad	Zapotec, Cajonos	Otomanguean	Mexico
zai-zaiNT.txt	zai	Zapotec, Isthmus	Otomanguean	Mexico
zaj-zaj.txt	zaj	Zaramo	Niger-Congo	Tanzania, United Republic of
zam-zamNT.txt	zam	Zapotec, Miahuatlán	Otomanguean	Mexico
zao-zaoNT.txt	zao	Zapotec, Ozolotepec	Otomanguean	Mexico
zap-zapNT.txt	zap			
zar-zarNT.txt	zar	Zapotec, Rincón	Otomanguean	Mexico
zas-zasNT.txt	zas	Zapotec, Santo Domingo Albarradas	Otomanguean	Mexico
zat-zatNTps.txt	zat	Zapotec, Tabaa	Otomanguean	Mexico
zav-zavNT.txt	zav	Zapotec, Yatzachi	Otomanguean	Mexico
zaw-zawNT.txt	zaw	Zapotec, Mitla	Otomanguean	Mexico
zca-zcaNT.txt	zca	Zapotec, Coatecas Altas	Otomanguean	Mexico
zga-zgam.txt	zga	Kinga	Niger-Congo	Tanzania, United Republic of
zia-zia.txt	zia	Zia	Trans-New Guinea	Papua New Guinea
ziw-ziw.txt	ziw	Zigula	Niger-Congo	Tanzania, United Republic of
zlm-zlmKSZI.txt	zlm	Malay	Austronesian	Malaysia
zos-zosNT.txt	zos	Zoque, Francisco León	Mixe-Zoquean	Mexico
zpc-zpcNT.txt	zpc	Zapotec, Choapan	Otomanguean	Mexico
zpl-zplNT.txt	zpl	Zapotec, Lachixío	Otomanguean	Mexico
zpm-zpmNT.txt	zpm	Zapotec, Mixtepec	Otomanguean	Mexico
zpo-zpoNT.txt	zpo	Zapotec, Amatlán	Otomanguean	Mexico
zpq-zpqNT.txt	zpq	Zapotec, Zoogocho	Otomanguean	Mexico
zpu-zpuNT.txt	zpu	Zapotec, Yalálag	Otomanguean	Mexico
zpv-zpvNT.txt	zpv	Zapotec, Chichicapan	Otomanguean	Mexico
zpz-zpzNTpp.txt	zpz	Zapotec, Texmelucan	Otomanguean	Mexico
zsr-zsrNT.txt	zsr	Zapotec, Southern Rincon	Otomanguean	Mexico
ztq-ztqNT.txt	ztq	Zapotec, Quioquitani-Quierí	Otomanguean	Mexico
zty-ztyNTps.txt	zty	Zapotec, Yatee	Otomanguean	Mexico
zyp-zypNT.txt	zyp	Chin, Zyphe	Sino-Tibetan	Myanmar
